{"cameraMode":{"drawMode":0,"name":"Shaded","section":"Shading Mode"},"sceneLighting":true,"audioPlay":false,"sceneViewState":{"showFog":true,"showMaterialUpdate":false,"showSkybox":true,"showFlares":true,"showImageEffects":true,"showParticleSystems":true},"in2DMode":false,"pivot":{"x":194.10113525390626,"y":-27.128753662109376,"z":328.558837890625},"rotation":{"x":-0.08866187930107117,"y":-0.8454011678695679,"z":0.5053960084915161,"w":-0.14836086332798005},"size":1379.5743408203125,"orthographic":false}